page,href,anchor_text
https://www.natuurhout.be/aanbiedingen-2/,https://natuurhout.shop/,Naar webshop
https://www.natuurhout.be/aanbiedingen-2/,https://natuurhout.shop/,Naar webshop
https://www.natuurhout.be/about-us/,https://natuurhout.shop/,Naar webshop
https://www.natuurhout.be/about-us/,https://natuurhout.shop/,Naar webshop
https://www.natuurhout.be/afsluiting-hazelaar-kopen/,https://natuurhout.shop/,Naar webshop
https://www.natuurhout.be/afsluiting-hazelaar-kopen/,https://natuurhout.shop/,bestel de stijl
https://www.natuurhout.be/afsluiting-hazelaar-kopen/,https://natuurhout.shop/,Naar webshop
https://www.natuurhout.be/afsluitingen-kopen-vlaanderen/,https://natuurhout.shop/,Naar webshop
https://www.natuurhout.be/afsluitingen-kopen-vlaanderen/,https://natuurhout.shop/,webshop
https://www.natuurhout.be/afsluitingen-kopen-vlaanderen/,https://natuurhout.shop/,Naar webshop
https://www.natuurhout.be/algemene-voorwaarden-van-beho-comm-v/,https://natuurhout.shop/,Naar webshop
https://www.natuurhout.be/algemene-voorwaarden-van-beho-comm-v/,https://natuurhout.shop/,Naar webshop
https://www.natuurhout.be/category/blog/,https://natuurhout.shop/,Naar webshop
https://www.natuurhout.be/category/blog/,https://natuurhout.shop/,Naar webshop
https://www.natuurhout.be/category/fit-row/,https://natuurhout.shop/,Naar webshop
https://www.natuurhout.be/category/fit-row/,https://natuurhout.shop/,Naar webshop
https://www.natuurhout.be/category/life-style/,https://natuurhout.shop/,Naar webshop
https://www.natuurhout.be/category/life-style/,https://natuurhout.shop/,Naar webshop
https://www.natuurhout.be/category/post-slider/,https://natuurhout.shop/,Naar webshop
https://www.natuurhout.be/category/post-slider/,https://natuurhout.shop/,Naar webshop
https://www.natuurhout.be/category/uncategorized/,https://natuurhout.shop/,Naar webshop
https://www.natuurhout.be/category/uncategorized/,https://natuurhout.shop/,Naar webshop
https://www.natuurhout.be/category/video/,https://natuurhout.shop/,Naar webshop
https://www.natuurhout.be/category/video/,https://natuurhout.shop/,Naar webshop
https://www.natuurhout.be/change-password/,https://natuurhout.shop/,Naar webshop
https://www.natuurhout.be/change-password/,https://natuurhout.shop/,Naar webshop
https://www.natuurhout.be/contact/,https://natuurhout.shop/,Naar webshop
https://www.natuurhout.be/contact/,https://natuurhout.shop/,Naar webshop
https://www.natuurhout.be/cookiebeleid-eu/,https://natuurhout.shop/,Naar webshop
https://www.natuurhout.be/cookiebeleid-eu/,https://natuurhout.shop/,Naar webshop
https://www.natuurhout.be/diyplaatsing/,https://natuurhout.shop/,Naar webshop
https://www.natuurhout.be/diyplaatsing/,https://natuurhout.shop/,Naar webshop
https://www.natuurhout.be/eiken-palen-kopen-vlaanderen/,https://natuurhout.shop/,Naar webshop
https://www.natuurhout.be/eiken-palen-kopen-vlaanderen/,https://natuurhout.shop/,Naar webshop
https://www.natuurhout.be/eiusmod-tempor-incidunt/,https://natuurhout.shop/,Naar webshop
https://www.natuurhout.be/eiusmod-tempor-incidunt/,https://natuurhout.shop/,Naar webshop
https://www.natuurhout.be/gebruiksvoorwaarden/,https://natuurhout.shop/,Naar webshop
https://www.natuurhout.be/gebruiksvoorwaarden/,https://natuurhout.shop/,Naar webshop
https://www.natuurhout.be/homepage-natuurhout-kastanje-afsluiting-kastanjehouten-hekwerk-2/,https://natuurhout.shop/,Naar webshop
https://www.natuurhout.be/homepage-natuurhout-kastanje-afsluiting-kastanjehouten-hekwerk-2/,https://natuurhout.shop/,Naar webshop
https://www.natuurhout.be/homepage-natuurhout-kastanje-afsluiting-kastanjehouten-hekwerk/,https://natuurhout.shop/,Naar webshop
https://www.natuurhout.be/homepage-natuurhout-kastanje-afsluiting-kastanjehouten-hekwerk/,https://natuurhout.shop/,Naar webshop
https://www.natuurhout.be/,https://natuurhout.shop/,Naar webshop
https://www.natuurhout.be/,https://natuurhout.shop/,Naar webshop
https://www.natuurhout.be/,https://natuurhout.shop/,webshop
https://www.natuurhout.be/,https://natuurhout.shop/,Naar webshop
https://www.natuurhout.be/houten-moestuinbak/,https://natuurhout.shop/,Naar webshop
https://www.natuurhout.be/houten-moestuinbak/,https://natuurhout.shop/,Naar webshop
https://www.natuurhout.be/houten-tuinpoorten/,https://natuurhout.shop/,Naar webshop
https://www.natuurhout.be/houten-tuinpoorten/,https://natuurhout.shop/,webshop
https://www.natuurhout.be/houten-tuinpoorten/,https://natuurhout.shop/,Naar webshop
https://www.natuurhout.be/kastanje-hazelaar-of-robinia-hekwerk-wat-is-het-verschil/,https://natuurhout.shop/,Naar webshop
https://www.natuurhout.be/kastanje-hazelaar-of-robinia-hekwerk-wat-is-het-verschil/,https://www.natuurhout.shop,www.natuurhout.shop
https://www.natuurhout.be/kastanje-hazelaar-of-robinia-hekwerk-wat-is-het-verschil/,https://natuurhout.shop/,Naar webshop
https://www.natuurhout.be/kastanje-palen/,https://natuurhout.shop/,Naar webshop
https://www.natuurhout.be/kastanje-palen/,https://natuurhout.shop/,Naar webshop
https://www.natuurhout.be/kastanje-palen/,https://natuurhout.shop/,webshop
https://www.natuurhout.be/kastanje-palen/,https://natuurhout.shop/,Naar webshop
https://www.natuurhout.be/kastanje-poort/,https://natuurhout.shop/,Naar webshop
https://www.natuurhout.be/kastanje-poort/,https://natuurhout.shop/,bestelling
https://www.natuurhout.be/kastanje-poort/,https://natuurhout.shop/,Naar webshop
https://www.natuurhout.be/kastanjehout-bewerken-en-behandelen-wat-je-moet-weten/,https://natuurhout.shop/,Naar webshop
https://www.natuurhout.be/kastanjehout-bewerken-en-behandelen-wat-je-moet-weten/,https://natuurhout.shop/,Naar webshop
https://www.natuurhout.be/kastanjelatten-kopen/,https://natuurhout.shop/,Naar webshop
https://www.natuurhout.be/kastanjelatten-kopen/,https://natuurhout.shop/,Naar webshop
https://www.natuurhout.be/kastanjes-bewaren/,https://natuurhout.shop/,Naar webshop
https://www.natuurhout.be/kastanjes-bewaren/,https://natuurhout.shop/,Naar webshop
https://www.natuurhout.be/landelijke-afsluiting/,https://natuurhout.shop/,Naar webshop
https://www.natuurhout.be/landelijke-afsluiting/,https://natuurhout.shop/,webshop
https://www.natuurhout.be/landelijke-afsluiting/,https://natuurhout.shop/,Naar webshop
https://www.natuurhout.be/lariks-schaaldelen-kopen-vlaanderen/,https://natuurhout.shop/,Naar webshop
https://www.natuurhout.be/lariks-schaaldelen-kopen-vlaanderen/,https://natuurhout.shop/,Naar webshop
https://www.natuurhout.be/lariks-schaaldelen-kopen-vlaanderen/,https://natuurhout.shop/,webshop
https://www.natuurhout.be/lariks-schaaldelen-kopen-vlaanderen/,https://natuurhout.shop/,Naar webshop
https://www.natuurhout.be/logout/,https://natuurhout.shop/,Naar webshop
https://www.natuurhout.be/logout/,https://natuurhout.shop/,Naar webshop
https://www.natuurhout.be/lost-password/,https://natuurhout.shop/,Naar webshop
https://www.natuurhout.be/lost-password/,https://natuurhout.shop/,Naar webshop
https://www.natuurhout.be/maatwerk-poorten-geplaatst/,https://natuurhout.shop/,Naar webshop
https://www.natuurhout.be/maatwerk-poorten-geplaatst/,https://natuurhout.shop/,Naar webshop
https://www.natuurhout.be/moestuinbak-kopen-vlaanderen/,https://natuurhout.shop/,Naar webshop
https://www.natuurhout.be/moestuinbak-kopen-vlaanderen/,https://natuurhout.shop/,Naar webshop
https://www.natuurhout.be/natuurhout-video/,https://natuurhout.shop/,Naar webshop
https://www.natuurhout.be/natuurhout-video/,https://natuurhout.shop/,Naar webshop
https://www.natuurhout.be/natuurhoutadvies/,https://natuurhout.shop/,Naar webshop
https://www.natuurhout.be/natuurhoutadvies/,https://natuurhout.shop/,Naar webshop
https://www.natuurhout.be/nieuw-postrail/,https://natuurhout.shop/,Naar webshop
https://www.natuurhout.be/nieuw-postrail/,https://natuurhout.shop/,Naar webshop
https://www.natuurhout.be/nieuwe-sponsor-van-hockey-club-lokeren/,https://natuurhout.shop/,Naar webshop
https://www.natuurhout.be/nieuwe-sponsor-van-hockey-club-lokeren/,https://natuurhout.shop/,Naar webshop
https://www.natuurhout.be/offerte-aanvragen/,https://natuurhout.shop/,Naar webshop
https://www.natuurhout.be/offerte-aanvragen/,https://natuurhout.shop/,Naar webshop
https://www.natuurhout.be/onze-realisaties/,https://natuurhout.shop/,Naar webshop
https://www.natuurhout.be/onze-realisaties/,https://natuurhout.shop/,Naar webshop
https://www.natuurhout.be/over-ons/,https://natuurhout.shop/,Naar webshop
https://www.natuurhout.be/over-ons/,https://natuurhout.shop/,Naar webshop
https://www.natuurhout.be/plantenbakken-kopen/,https://natuurhout.shop/,Naar webshop
https://www.natuurhout.be/plantenbakken-kopen/,https://natuurhout.shop/,Naar webshop
https://www.natuurhout.be/privacyverklaring/,https://natuurhout.shop/,Naar webshop
https://www.natuurhout.be/privacyverklaring/,https://natuurhout.shop/,Naar webshop
https://www.natuurhout.be/producten/,https://natuurhout.shop/,Naar webshop
https://www.natuurhout.be/producten/,https://natuurhout.shop/,Naar webshop
https://www.natuurhout.be/project/,https://natuurhout.shop/,Naar webshop
https://www.natuurhout.be/project/,https://natuurhout.shop/,Naar webshop
https://www.natuurhout.be/project/boerenlandhekken/,https://natuurhout.shop/,Naar webshop
https://www.natuurhout.be/project/boerenlandhekken/,https://natuurhout.shop/,Naar webshop
https://www.natuurhout.be/project/cleft-field-veldpoorten/,https://natuurhout.shop/,Naar webshop
https://www.natuurhout.be/project/cleft-field-veldpoorten/,https://natuurhout.shop/,Naar webshop
https://www.natuurhout.be/project/eiken-palen/,https://natuurhout.shop/,Naar webshop
https://www.natuurhout.be/project/eiken-palen/,https://natuurhout.shop/,Naar webshop
https://www.natuurhout.be/project/franse-poorten/,https://natuurhout.shop/,Naar webshop
https://www.natuurhout.be/project/franse-poorten/,https://natuurhout.shop/,bestelling
https://www.natuurhout.be/project/franse-poorten/,https://natuurhout.shop/,Naar webshop
https://www.natuurhout.be/project/hazelaar-poorten/,https://natuurhout.shop/,Naar webshop
https://www.natuurhout.be/project/hazelaar-poorten/,https://natuurhout.shop/,online bestelling
https://www.natuurhout.be/project/hazelaar-poorten/,https://natuurhout.shop/,Naar webshop
https://www.natuurhout.be/project/hazelaar-vlechtscherm-hasseltre/,https://natuurhout.shop/,Naar webshop
https://www.natuurhout.be/project/hazelaar-vlechtscherm-hasseltre/,https://natuurhout.shop/,Naar webshop
https://www.natuurhout.be/project/hazelaarrasterwerk/,https://natuurhout.shop/,Naar webshop
https://www.natuurhout.be/project/hazelaarrasterwerk/,https://natuurhout.shop/,bestel de stijl
https://www.natuurhout.be/project/hazelaarrasterwerk/,https://natuurhout.shop/,Naar webshop
https://www.natuurhout.be/project/hazelaarvlechtschermen/,https://natuurhout.shop/,Naar webshop
https://www.natuurhout.be/project/hazelaarvlechtschermen/,https://natuurhout.shop/,plaats meteen uw bestelling
https://www.natuurhout.be/project/hazelaarvlechtschermen/,https://natuurhout.shop/,Naar webshop
https://www.natuurhout.be/project/international-airport/,https://natuurhout.shop/,Naar webshop
https://www.natuurhout.be/project/international-airport/,https://natuurhout.shop/,Naar webshop
https://www.natuurhout.be/project/kastanje-poorten-geschroefd/,https://natuurhout.shop/,Naar webshop
https://www.natuurhout.be/project/kastanje-poorten-geschroefd/,https://natuurhout.shop/,Naar webshop
https://www.natuurhout.be/project/kastanjepalen/,https://natuurhout.shop/,Naar webshop
https://www.natuurhout.be/project/kastanjepalen/,https://natuurhout.shop/,Naar webshop
https://www.natuurhout.be/project/lariks-schaal-delen-2/,https://natuurhout.shop/,Naar webshop
https://www.natuurhout.be/project/lariks-schaal-delen-2/,https://natuurhout.shop/,Naar webshop
https://www.natuurhout.be/project/maatwerk-poorten/,https://natuurhout.shop/,Naar webshop
https://www.natuurhout.be/project/maatwerk-poorten/,https://natuurhout.shop/,Naar webshop
https://www.natuurhout.be/project/moestuinbak/,https://natuurhout.shop/,Naar webshop
https://www.natuurhout.be/project/moestuinbak/,https://natuurhout.shop/,Naar webshop
https://www.natuurhout.be/project/post-rail-2/,https://natuurhout.shop/,Naar webshop
https://www.natuurhout.be/project/post-rail-2/,https://natuurhout.shop/,Naar webshop
https://www.natuurhout.be/project/postsaver-voor-palen/,https://natuurhout.shop/,Naar webshop
https://www.natuurhout.be/project/postsaver-voor-palen/,https://natuurhout.shop/,Naar webshop
https://www.natuurhout.be/project/project-berlare-vlechtschermen-maatwerk-poort/,https://natuurhout.shop/,Naar webshop
https://www.natuurhout.be/project/project-berlare-vlechtschermen-maatwerk-poort/,https://natuurhout.shop/,Naar webshop
https://www.natuurhout.be/project/project-brugge/,https://natuurhout.shop/,Naar webshop
https://www.natuurhout.be/project/project-brugge/,https://natuurhout.shop/,Naar webshop
https://www.natuurhout.be/project/project-dendermonde-padouk-poort/,https://natuurhout.shop/,Naar webshop
https://www.natuurhout.be/project/project-dendermonde-padouk-poort/,https://natuurhout.shop/,Naar webshop
https://www.natuurhout.be/project/project-destelbergen/,https://natuurhout.shop/,Naar webshop
https://www.natuurhout.be/project/project-destelbergen/,https://natuurhout.shop/,Naar webshop
https://www.natuurhout.be/project/project-grembergen-rasterwerk-90cm/,https://natuurhout.shop/,Naar webshop
https://www.natuurhout.be/project/project-grembergen-rasterwerk-90cm/,https://natuurhout.shop/,Naar webshop
https://www.natuurhout.be/project/project-hamme3/,https://natuurhout.shop/,Naar webshop
https://www.natuurhout.be/project/project-hamme3/,https://natuurhout.shop/,Naar webshop
https://www.natuurhout.be/project/project-hamme5/,https://natuurhout.shop/,Naar webshop
https://www.natuurhout.be/project/project-hamme5/,https://natuurhout.shop/,Naar webshop
https://www.natuurhout.be/project/project-huivelde-rasterwerk-cleftfield-poort/,https://natuurhout.shop/,Naar webshop
https://www.natuurhout.be/project/project-huivelde-rasterwerk-cleftfield-poort/,https://natuurhout.shop/,Naar webshop
https://www.natuurhout.be/project/project-keerbergen-cleftfield-poort-3-60m/,https://natuurhout.shop/,Naar webshop
https://www.natuurhout.be/project/project-keerbergen-cleftfield-poort-3-60m/,https://natuurhout.shop/,Naar webshop
https://www.natuurhout.be/project/project-lebbeke-cleft-field-poort/,https://natuurhout.shop/,Naar webshop
https://www.natuurhout.be/project/project-lebbeke-cleft-field-poort/,https://natuurhout.shop/,Naar webshop
https://www.natuurhout.be/project/project-lebbeke/,https://natuurhout.shop/,Naar webshop
https://www.natuurhout.be/project/project-lebbeke/,https://natuurhout.shop/,Naar webshop
https://www.natuurhout.be/project/project-lochristi-rasterwerk-poort-1-20m/,https://natuurhout.shop/,Naar webshop
https://www.natuurhout.be/project/project-lochristi-rasterwerk-poort-1-20m/,https://natuurhout.shop/,Naar webshop
https://www.natuurhout.be/project/project-merelbeke-hazelaarschermen/,https://natuurhout.shop/,Naar webshop
https://www.natuurhout.be/project/project-merelbeke-hazelaarschermen/,https://natuurhout.shop/,Naar webshop
https://www.natuurhout.be/project/project-overmere-2/,https://natuurhout.shop/,Naar webshop
https://www.natuurhout.be/project/project-overmere-2/,https://natuurhout.shop/,Naar webshop
https://www.natuurhout.be/project/project-overmere/,https://natuurhout.shop/,Naar webshop
https://www.natuurhout.be/project/project-overmere/,https://natuurhout.shop/,Naar webshop
https://www.natuurhout.be/project/project-ronse-hondenweide/,https://natuurhout.shop/,Naar webshop
https://www.natuurhout.be/project/project-ronse-hondenweide/,https://natuurhout.shop/,Naar webshop
https://www.natuurhout.be/project/project-sint-niklaas-maatwerk-poort-rasterwerk-1-80m/,https://natuurhout.shop/,Naar webshop
https://www.natuurhout.be/project/project-sint-niklaas-maatwerk-poort-rasterwerk-1-80m/,https://natuurhout.shop/,Naar webshop
https://www.natuurhout.be/project/project-sintgilleswaas-postrail/,https://natuurhout.shop/,Naar webshop
https://www.natuurhout.be/project/project-sintgilleswaas-postrail/,https://natuurhout.shop/,Naar webshop
https://www.natuurhout.be/project/project-waasmunster-cleft-field-poorten-1-50m-2x-2-40m/,https://natuurhout.shop/,Naar webshop
https://www.natuurhout.be/project/project-waasmunster-cleft-field-poorten-1-50m-2x-2-40m/,https://natuurhout.shop/,Naar webshop
https://www.natuurhout.be/project/project-zele-rasterwerk-1-00m-75-8cm/,https://natuurhout.shop/,Naar webshop
https://www.natuurhout.be/project/project-zele-rasterwerk-1-00m-75-8cm/,https://natuurhout.shop/,Naar webshop
https://www.natuurhout.be/project/project-zele/,https://natuurhout.shop/,Naar webshop
https://www.natuurhout.be/project/project-zele/,https://natuurhout.shop/,Naar webshop
https://www.natuurhout.be/project/project-zulte/,https://natuurhout.shop/,Naar webshop
https://www.natuurhout.be/project/project-zulte/,https://natuurhout.shop/,Naar webshop
https://www.natuurhout.be/project/raamwerkpoort/,https://natuurhout.shop/,Naar webshop
https://www.natuurhout.be/project/raamwerkpoort/,https://natuurhout.shop/,Naar webshop
https://www.natuurhout.be/project/rasterwerk-kastanjehout/,https://natuurhout.shop/,Naar webshop
https://www.natuurhout.be/project/rasterwerk-kastanjehout/,https://natuurhout.shop/,webshop
https://www.natuurhout.be/project/rasterwerk-kastanjehout/,https://natuurhout.shop/products/kastanje-rasterwerk,Naar webshop
https://www.natuurhout.be/project/rasterwerk-kastanjehout/,https://natuurhout.shop/,Naar webshop
https://www.natuurhout.be/project/rasterwerk120cm-moerkerke/,https://natuurhout.shop/,Naar webshop
https://www.natuurhout.be/project/rasterwerk120cm-moerkerke/,https://natuurhout.shop/,Naar webshop
https://www.natuurhout.be/project/robinia-palen/,https://natuurhout.shop/,Naar webshop
https://www.natuurhout.be/project/robinia-palen/,https://natuurhout.shop/,Naar webshop
https://www.natuurhout.be/project/robinia-rasterwerk/,https://natuurhout.shop/,Naar webshop
https://www.natuurhout.be/project/robinia-rasterwerk/,https://natuurhout.shop/,Naar webshop
https://www.natuurhout.be/project_category/all/,https://natuurhout.shop/,Naar webshop
https://www.natuurhout.be/project_category/all/,https://natuurhout.shop/,Naar webshop
https://www.natuurhout.be/project_category/engels-poorten/,https://natuurhout.shop/,Naar webshop
https://www.natuurhout.be/project_category/engels-poorten/,https://natuurhout.shop/,Naar webshop
https://www.natuurhout.be/project_category/hazelaar-plantenbakken/,https://natuurhout.shop/,Naar webshop
https://www.natuurhout.be/project_category/hazelaar-plantenbakken/,https://natuurhout.shop/,Naar webshop
https://www.natuurhout.be/project_category/hazelaar-rasterwerk/,https://natuurhout.shop/,Naar webshop
https://www.natuurhout.be/project_category/hazelaar-rasterwerk/,https://natuurhout.shop/,Naar webshop
https://www.natuurhout.be/project_category/lariks-schaal-delen/,https://natuurhout.shop/,Naar webshop
https://www.natuurhout.be/project_category/lariks-schaal-delen/,https://natuurhout.shop/,Naar webshop
https://www.natuurhout.be/project_category/palen/,https://natuurhout.shop/,Naar webshop
https://www.natuurhout.be/project_category/palen/,https://natuurhout.shop/,Naar webshop
https://www.natuurhout.be/project_category/post-rail/,https://natuurhout.shop/,Naar webshop
https://www.natuurhout.be/project_category/post-rail/,https://natuurhout.shop/,Naar webshop
https://www.natuurhout.be/project_category/producten/,https://natuurhout.shop/,Naar webshop
https://www.natuurhout.be/project_category/producten/,https://natuurhout.shop/,Naar webshop
https://www.natuurhout.be/project_category/projecten-hazelaar/,https://natuurhout.shop/,Naar webshop
https://www.natuurhout.be/project_category/projecten-hazelaar/,https://natuurhout.shop/,Naar webshop
https://www.natuurhout.be/project_category/projecten-lariks-schaal-delen/,https://natuurhout.shop/,Naar webshop
https://www.natuurhout.be/project_category/projecten-lariks-schaal-delen/,https://natuurhout.shop/,Naar webshop
https://www.natuurhout.be/project_category/projecten-poorten/,https://natuurhout.shop/,Naar webshop
https://www.natuurhout.be/project_category/projecten-poorten/,https://natuurhout.shop/,Naar webshop
https://www.natuurhout.be/project_category/projecten-post-rail/,https://natuurhout.shop/,Naar webshop
https://www.natuurhout.be/project_category/projecten-post-rail/,https://natuurhout.shop/,Naar webshop
https://www.natuurhout.be/project_category/projecten-rasterhekwerk/,https://natuurhout.shop/,Naar webshop
https://www.natuurhout.be/project_category/projecten-rasterhekwerk/,https://natuurhout.shop/,Naar webshop
https://www.natuurhout.be/project_category/projecten-rasterwerk/,https://natuurhout.shop/,Naar webshop
https://www.natuurhout.be/project_category/projecten-rasterwerk/,https://natuurhout.shop/,Naar webshop
https://www.natuurhout.be/project_category/projecten-vlechtschermen/,https://natuurhout.shop/,Naar webshop
https://www.natuurhout.be/project_category/projecten-vlechtschermen/,https://natuurhout.shop/,Naar webshop
https://www.natuurhout.be/project_category/robinia-rasterwerk/,https://natuurhout.shop/,Naar webshop
https://www.natuurhout.be/project_category/robinia-rasterwerk/,https://natuurhout.shop/,Naar webshop
https://www.natuurhout.be/project_category/vlechtschermen/,https://natuurhout.shop/,Naar webshop
https://www.natuurhout.be/project_category/vlechtschermen/,https://natuurhout.shop/,Naar webshop
https://www.natuurhout.be/projecten/,https://natuurhout.shop/,Naar webshop
https://www.natuurhout.be/projecten/,https://natuurhout.shop/,Naar webshop
https://www.natuurhout.be/sponsorkalken/,https://natuurhout.shop/,Naar webshop
https://www.natuurhout.be/sponsorkalken/,https://natuurhout.shop/,Naar webshop
https://www.natuurhout.be/tag/blog/,https://natuurhout.shop/,Naar webshop
https://www.natuurhout.be/tag/blog/,https://natuurhout.shop/,Naar webshop
https://www.natuurhout.be/tag/kastanjehout/,https://natuurhout.shop/,Naar webshop
https://www.natuurhout.be/tag/kastanjehout/,https://natuurhout.shop/,Naar webshop
https://www.natuurhout.be/tag/life-style/,https://natuurhout.shop/,Naar webshop
https://www.natuurhout.be/tag/life-style/,https://natuurhout.shop/,Naar webshop
https://www.natuurhout.be/tag/news/,https://natuurhout.shop/,Naar webshop
https://www.natuurhout.be/tag/news/,https://natuurhout.shop/,Naar webshop
https://www.natuurhout.be/tag/poorten/,https://natuurhout.shop/,Naar webshop
https://www.natuurhout.be/tag/poorten/,https://natuurhout.shop/,Naar webshop
https://www.natuurhout.be/tag/sponsor/,https://natuurhout.shop/,Naar webshop
https://www.natuurhout.be/tag/sponsor/,https://natuurhout.shop/,Naar webshop
https://www.natuurhout.be/tag/video/,https://natuurhout.shop/,Naar webshop
https://www.natuurhout.be/tag/video/,https://natuurhout.shop/,Naar webshop
https://www.natuurhout.be/tag/youtube/,https://natuurhout.shop/,Naar webshop
https://www.natuurhout.be/tag/youtube/,https://natuurhout.shop/,Naar webshop
https://www.natuurhout.be/tamme-kastanje/,https://natuurhout.shop/,Naar webshop
https://www.natuurhout.be/tamme-kastanje/,https://natuurhout.shop/,Naar webshop
https://www.natuurhout.be/tips-duurzaam-houtgebruik-in-tuin/,https://natuurhout.shop/,Naar webshop
https://www.natuurhout.be/tips-duurzaam-houtgebruik-in-tuin/,https://natuurhout.shop/,Naar webshop
https://www.natuurhout.be/tipsenideeen/,https://natuurhout.shop/,Naar webshop
https://www.natuurhout.be/tipsenideeen/,https://natuurhout.shop/,Naar webshop
https://www.natuurhout.be/veelgesteldevragen/,https://natuurhout.shop/,Naar webshop
https://www.natuurhout.be/veelgesteldevragen/,https://natuurhout.shop/,Naar webshop
https://www.natuurhout.be/verzoek-toegang-tot-data/,https://natuurhout.shop/,Naar webshop
https://www.natuurhout.be/verzoek-toegang-tot-data/,https://natuurhout.shop/,Naar webshop
https://www.natuurhout.be/view-order/,https://natuurhout.shop/,Naar webshop
https://www.natuurhout.be/view-order/,https://natuurhout.shop/,Naar webshop
https://www.natuurhout.be/vlecht-schermen/,https://natuurhout.shop/,Naar webshop
https://www.natuurhout.be/vlecht-schermen/,https://natuurhout.shop/,Naar webshop
https://www.natuurhout.be/voorbeeld-hangsluitwerk-franse-poorten/,https://natuurhout.shop/,Naar webshop
https://www.natuurhout.be/voorbeeld-hangsluitwerk-franse-poorten/,https://natuurhout.shop/,Naar webshop
https://www.natuurhout.be/waarom-is-kastanjehout-zo-ecologisch/,https://natuurhout.shop/,Naar webshop
https://www.natuurhout.be/waarom-is-kastanjehout-zo-ecologisch/,https://natuurhout.shop/,Naar webshop
https://www.natuurhout.be/waarom-kastanjehout-de-perfecte-keuze-is-voor-jouw-omheining/,https://natuurhout.shop/,Naar webshop
https://www.natuurhout.be/waarom-kastanjehout-de-perfecte-keuze-is-voor-jouw-omheining/,https://natuurhout.shop/,Naar webshop
https://www.natuurhout.be/wat-is-kastanjehout/,https://natuurhout.shop/,Naar webshop
https://www.natuurhout.be/wat-is-kastanjehout/,https://natuurhout.shop/,Naar webshop
https://www.natuurhout.be/weer-een-tuin-gedaan-de-pony-kan-komenkleintje/,https://natuurhout.shop/,Naar webshop
https://www.natuurhout.be/weer-een-tuin-gedaan-de-pony-kan-komenkleintje/,https://natuurhout.shop/,Naar webshop
