url,status,final_url,title,meta_description,h1,h1_count,canonical,robots,lang,og_title,schema_types,word_count,shop_links
https://www.natuurhout.be/,200,,Specialist in natuurhout | Natuurhout,Als specialist in natuurhout bieden wij tuinproducten aan in verschillende kwaliteitsvolle houtsoorten. Bekijk ons assortiment en vraag uw offerte aan!,Specialist in Kastanjehout,1,https://www.natuurhout.be/,max-image-preview:large,nl-NL,Specialist in natuurhout | Natuurhout,"BreadcrumbList,ImageObject,ListItem,Organization,WebPage,WebSite",742,https://natuurhout.shop/
https://www.natuurhout.be/aanbiedingen-2/,200,,Aanbiedingen Kastanjehout Hekwerk & Poorten | Natuurhout,Meerdere aanbiedingen en lopende promoties voor kastanjehout hekwerk en poorten.,,0,https://www.natuurhout.be/aanbiedingen-2/,max-image-preview:large,nl-NL,Aanbiedingen Kastanjehout Hekwerk & Poorten | Natuurhout,"BreadcrumbList,ImageObject,ListItem,Organization,WebPage,WebSite",458,https://natuurhout.shop/
https://www.natuurhout.be/about-us/,200,,Natuurhout is een veelzijdig bedrijf | Natuurhout,We zijn een veelzijdig bedrijf met de scherpste prijzen in afsluitingen in kastanje,,0,https://www.natuurhout.be/about-us/,max-image-preview:large,nl-NL,Natuurhout is een veelzijdig bedrijf | Natuurhout,"BreadcrumbList,ImageObject,ListItem,Organization,WebPage,WebSite",842,https://natuurhout.shop/
https://www.natuurhout.be/afsluiting-hazelaar-kopen/,200,https://www.natuurhout.be/project/hazelaarrasterwerk//,Hazelaar Hekwerk | Tuin Omheining | Natuurhout,Een hazelaar omheining biedt een natuurlijke en warme uitstraling aan uw omgeving. Bekijk de verschillende soort hekwerk mogelijkheden en vraag uw offerte aan!,🌿 Hazelaar rasterwerk – Sierlijk vlechtwerk met een natuurlijk karakter,1,https://www.natuurhout.be/project/hazelaarrasterwerk/,max-image-preview:large,nl-NL,Hazelaar Hekwerk | Tuin Omheining | Natuurhout,"BreadcrumbList,ImageObject,ListItem,Organization,Person,WebPage,WebSite",857,https://natuurhout.shop/
https://www.natuurhout.be/afsluitingen-kopen-vlaanderen/,200,https://www.natuurhout.be/landelijke-afsluiting//,Landelijke afsluitingen | Natuurhout,"Bij ons vindt u landelijke afsluitingen die uw tuin, erf of bedrijfsterrein op een duurzame en stijlvolle manier kunnen afbakenen. Bekijk ons aanbod!",Landelijke afsluitingen,1,https://www.natuurhout.be/landelijke-afsluiting/,max-image-preview:large,nl-NL,Landelijke afsluitingen | Natuurhout,"BreadcrumbList,ImageObject,ListItem,Organization,WebPage,WebSite",1097,https://natuurhout.shop/
https://www.natuurhout.be/algemene-voorwaarden-van-beho-comm-v/,200,,ALGEMENE VOORWAARDEN VAN BEHO comm.v | Natuurhout,"1. Algemeen a. Deze algemene voorwaarden (""Algemene Voorwaarden"") maken deel uit van elke offerte uitgebracht door Beho en van elke overeenkomst waarbij het Beho zaken levert en/of werkzaamheden verricht (waaronder begrepen opdracht en aanneming van werk). b. Andersluidende voorwaarden maken alléén deel uit van de overeenkomst, indien en voor zover het Beho en de wederpartij",,0,https://www.natuurhout.be/algemene-voorwaarden-van-beho-comm-v/,max-image-preview:large,nl-NL,ALGEMENE VOORWAARDEN VAN BEHO comm.v | Natuurhout,"BreadcrumbList,ImageObject,ListItem,Organization,WebPage,WebSite",4282,https://natuurhout.shop/
https://www.natuurhout.be/category/blog/,200,,Blog | Natuurhout,,,0,https://www.natuurhout.be/category/blog/,max-image-preview:large,nl-NL,,"BreadcrumbList,CollectionPage,ImageObject,ListItem,Organization,WebSite",773,https://natuurhout.shop/
https://www.natuurhout.be/category/fit-row/,200,,Fit Row | Natuurhout,,,0,https://www.natuurhout.be/category/fit-row/,max-image-preview:large,nl-NL,,"BreadcrumbList,CollectionPage,ImageObject,ListItem,Organization,WebSite",601,https://natuurhout.shop/
https://www.natuurhout.be/category/life-style/,200,,Life Style | Natuurhout,,,0,https://www.natuurhout.be/category/life-style/,max-image-preview:large,nl-NL,,"BreadcrumbList,CollectionPage,ImageObject,ListItem,Organization,WebSite",553,https://natuurhout.shop/
https://www.natuurhout.be/category/post-slider/,200,,Post Slider | Natuurhout,,,0,https://www.natuurhout.be/category/post-slider/,max-image-preview:large,nl-NL,,"BreadcrumbList,CollectionPage,ImageObject,ListItem,Organization,WebSite",612,https://natuurhout.shop/
https://www.natuurhout.be/category/uncategorized/,200,,Uncategorized | Natuurhout,,,0,https://www.natuurhout.be/category/uncategorized/,max-image-preview:large,nl-NL,,"BreadcrumbList,CollectionPage,ImageObject,ListItem,Organization,WebSite",595,https://natuurhout.shop/
https://www.natuurhout.be/category/video/,200,,Video | Natuurhout,,,0,https://www.natuurhout.be/category/video/,max-image-preview:large,nl-NL,,"BreadcrumbList,CollectionPage,ImageObject,ListItem,Organization,WebSite",558,https://natuurhout.shop/
https://www.natuurhout.be/change-password/,200,,Change Password | Natuurhout,[woocommerce_change_password],,0,https://www.natuurhout.be/change-password/,max-image-preview:large,nl-NL,Change Password | Natuurhout,"BreadcrumbList,ImageObject,ListItem,Organization,WebPage,WebSite",461,https://natuurhout.shop/
https://www.natuurhout.be/contact/,200,,Contact | info@natuurhout.be | Natuurhout | Kastanjehout,"Voor al uw vragen over het kastanjehout, plaatsen van hekwerken, levering van de materialen of iets anders, kunt u bij ons terecht. Wij helpen u graag verder.",,0,https://www.natuurhout.be/contact/,max-image-preview:large,nl-NL,Contact | info@natuurhout.be | Natuurhout | Kastanjehout,"BreadcrumbList,ImageObject,ListItem,Organization,WebPage,WebSite",561,https://natuurhout.shop/
https://www.natuurhout.be/cookiebeleid-eu/,200,,Cookiebeleid (EU) | Natuurhout,,,0,https://www.natuurhout.be/cookiebeleid-eu/,max-image-preview:large,nl-NL,Cookiebeleid (EU) | Natuurhout,"BreadcrumbList,ImageObject,ListItem,Organization,WebPage,WebSite",2631,https://natuurhout.shop/
https://www.natuurhout.be/diyplaatsing/,200,,Mijn afsluiting zelf plaatsen | DIY Video | Natuurhout,"Overweeg je om zelf een afsluiting te plaatsen? Dan helpen we je in deze uitzending mee op weg, want hierin krijg je te zien hoe je verschillende soorten.",Mijn afsluiting zelf plaatsen,1,https://www.natuurhout.be/diyplaatsing/,max-image-preview:large,nl-NL,Mijn afsluiting zelf plaatsen | DIY Video | Natuurhout,"Article,BreadcrumbList,ImageObject,ListItem,Organization,Person,WebPage,WebSite",624,https://natuurhout.shop/
https://www.natuurhout.be/eiken-palen-kopen-vlaanderen/,200,https://www.natuurhout.be/project/eiken-palen//,Eiken palen kopen in Vlaanderen | Natuurhout,"Als u eiken palen gaat kopen, is het belangrijk om de juiste maat en toepassing te kiezen. Ga hiervoor met ons in gesprek om advies aan te vragen.",Eiken palen kopen in Vlaanderen,1,https://www.natuurhout.be/project/eiken-palen/,max-image-preview:large,nl-NL,Eiken palen kopen in Vlaanderen | Natuurhout,"BreadcrumbList,ImageObject,ListItem,Organization,Person,WebPage,WebSite",924,https://natuurhout.shop/
https://www.natuurhout.be/eiusmod-tempor-incidunt/,200,,Een hottub voor ultieme ontspanning | Natuurhout,De hottub is in Scandinavische gebieden dan ook al meer dan honderd jaar favoriet en ook in België & Nederland zien we ze meer en meer.,Een hottub voor ultieme ontspanning,1,https://www.natuurhout.be/eiusmod-tempor-incidunt/,max-image-preview:large,nl-NL,Een hottub voor ultieme ontspanning | Natuurhout,"Article,BreadcrumbList,ImageObject,ListItem,Organization,Person,WebPage,WebSite",877,https://natuurhout.shop/
https://www.natuurhout.be/gebruiksvoorwaarden/,200,,Gebruiksvoorwaarden | Natuurhout,"Toepasselijk verklaring gebruiksvoorwaarden website Op het gebruik van de website www.natuurhout.be zijn de onderstaande gebruiksvoorwaarden van toepassing. Deze website is eigendom van BEHO comm.v,(natuurhout.be) Adolf Van Der Moerenstraat 39 - 9240 Zele. Door zich toegang te verschaffen tot en gebruik te maken van deze website van www.natuurhout.be stemt de bezoeker in met de toepasselijkheid van",,0,https://www.natuurhout.be/gebruiksvoorwaarden/,max-image-preview:large,nl-NL,Gebruiksvoorwaarden | Natuurhout,"BreadcrumbList,ImageObject,ListItem,Organization,WebPage,WebSite",970,https://natuurhout.shop/
https://www.natuurhout.be/homepage-natuurhout-kastanje-afsluiting-kastanjehouten-hekwerk-2/,200,,Homepage – Natuurhout | Kastanje Afsluiting | Kastanjehouten Hekwerk | Natuurhout,"Kastanje afsluiting en kastanjehouten palen. Op zoek naar een tuinpoort, houten poorten, houten schutting, tuinpalen, houten palen of een tuinomheining?",,0,https://www.natuurhout.be/homepage-natuurhout-kastanje-afsluiting-kastanjehouten-hekwerk-2/,max-image-preview:large,nl-NL,Homepage – Natuurhout | Kastanje Afsluiting | Kastanjehouten Hekwerk | Natuurhout,"BreadcrumbList,ImageObject,ListItem,Organization,WebPage,WebSite",801,https://natuurhout.shop/
https://www.natuurhout.be/homepage-natuurhout-kastanje-afsluiting-kastanjehouten-hekwerk/,200,,Een landelijke omheining bij een houthandel kopen | Natuurhout,"Een landelijke omheining kopen om in uw tuin te plaatsen, kan bij onze natuurhouthandel in Zele. Ontdek hier het aanbod kastanje afsluitingen en veel anders.",,0,https://www.natuurhout.be/homepage-natuurhout-kastanje-afsluiting-kastanjehouten-hekwerk/,max-image-preview:large,nl-NL,Een landelijke omheining bij een houthandel kopen | Natuurhout,"BreadcrumbList,ImageObject,ListItem,Organization,WebPage,WebSite",983,https://natuurhout.shop/
https://www.natuurhout.be/houten-moestuinbak/,200,https://www.natuurhout.be/project/moestuinbak//,Moestuinbak uit hazelaar | Natuurhout,Kies voor een moestuinbak uit hazelaar als u uw tuin een mooie extra landelijke touch wilt geven. Vraag een offerte aan voor dit type bloembak.,Moestuinbak uit hazelaar,1,https://www.natuurhout.be/project/moestuinbak/,max-image-preview:large,nl-NL,Moestuinbak uit hazelaar | Natuurhout,"BreadcrumbList,ImageObject,ListItem,Organization,Person,WebPage,WebSite",927,https://natuurhout.shop/
https://www.natuurhout.be/houten-tuinpoorten/,200,,Houten tuinpoorten | Natuurhout,Houten tuinpoorten zorgen ze voor een natuurlijke uitstraling. Kies uit verschillende afmetingen en stijlen en vraag vandaag nog uw offerte aan.},Houten tuinpoorten,1,https://www.natuurhout.be/houten-tuinpoorten/,max-image-preview:large,nl-NL,Houten tuinpoorten | Natuurhout,"BreadcrumbList,ImageObject,ListItem,Organization,WebPage,WebSite",965,https://natuurhout.shop/
https://www.natuurhout.be/kastanje-hazelaar-of-robinia-hekwerk-wat-is-het-verschil/,200,,"Kastanje, Hazelaar of Robinia hekwerk? | Natuurhout","Bij Natuurhout vind je verschillende soorten natuurlijke hekwerken – ook bekend als schapenhek, kastanje afsluiting, hazelaar afsluiting of robinia afsluiting.","Kastanje, Hazelaar of Robinia hekwerk - | Wat is het verschil?",2,https://www.natuurhout.be/kastanje-hazelaar-of-robinia-hekwerk-wat-is-het-verschil/,max-image-preview:large,nl-NL,"Kastanje, Hazelaar of Robinia hekwerk? | Natuurhout","BreadcrumbList,ImageObject,ListItem,Organization,WebPage,WebSite",948,https://natuurhout.shop/;https://www.natuurhout.shop
https://www.natuurhout.be/kastanje-palen/,200,https://www.natuurhout.be//,Specialist in natuurhout | Natuurhout,Als specialist in natuurhout bieden wij tuinproducten aan in verschillende kwaliteitsvolle houtsoorten. Bekijk ons assortiment en vraag uw offerte aan!,Specialist in Kastanjehout,1,https://www.natuurhout.be/,max-image-preview:large,nl-NL,Specialist in natuurhout | Natuurhout,"BreadcrumbList,ImageObject,ListItem,Organization,WebPage,WebSite",742,https://natuurhout.shop/
https://www.natuurhout.be/kastanje-poort/,200,https://www.natuurhout.be/project/franse-poorten//,Franse poorten kopen | Natuurhout,"Franse poorten kopen voor uw tuin of oprit, zorgen ervoor dat u een duurzame touch geeft aan uw omgeving. Vraag een offerte aan of plaats een bestelling!",Franse premium kastanje poorten,1,https://www.natuurhout.be/project/franse-poorten/,max-image-preview:large,nl-NL,Franse poorten kopen | Natuurhout,"BreadcrumbList,ImageObject,ListItem,Organization,Person,WebPage,WebSite",933,https://natuurhout.shop/
https://www.natuurhout.be/kastanjehout-bewerken-en-behandelen-wat-je-moet-weten/,200,,Kastanjehout bewerken en behandelen: wat je moet weten | Natuurhout,"Kastanjehout is niet alleen ideaal voor omheiningen en tuinpoorten, maar wordt ook wel gebruikt in meubels en andere houtprojecten. In deze blog beantwoorden we veelgestelde vragen over het bewerken, behandelen en afwerken van kastanjehout. Hoe kan ik kastanjehout bewerken? Kastanjehout bewerken is goed mogelijk, maar je moet rekening houden met de hardheid en de aanwezigheid van",Kastanjehout bewerken en behandelen: wat je moet weten,1,https://www.natuurhout.be/kastanjehout-bewerken-en-behandelen-wat-je-moet-weten/,max-image-preview:large,nl-NL,Kastanjehout bewerken en behandelen: wat je moet weten | Natuurhout,"Article,BreadcrumbList,ImageObject,ListItem,Organization,Person,WebPage,WebSite",1069,https://natuurhout.shop/
https://www.natuurhout.be/kastanjelatten-kopen/,200,,Kastanjelatten kopen | Natuurhout,Bij ons kunt u kastanjelatten kopen voor verschillende toepassingen in uw tuin of een andere buitenomgeving. Vraag snel professioneel advies!,Kastanjelatten kopen,1,https://www.natuurhout.be/kastanjelatten-kopen/,max-image-preview:large,nl-NL,Kastanjelatten kopen | Natuurhout,"BreadcrumbList,ImageObject,ListItem,Organization,WebPage,WebSite",769,https://natuurhout.shop/
https://www.natuurhout.be/kastanjes-bewaren/,200,,Kastanjes bewaren | Natuurhout,Kastanjes zijn vrij kwetsbaar en hebben wat aandacht nodig om goed bewaard te worden. Het is zonde als ze beschimmeld of uitgedroogd raken. Ongepelde kastanjes kunnen op een droge plaats ongeveer een week bewaard worden op kamertemperatuur. In de koelkast kunnen ze twee tot drie weken bewaard worden; zorg er wel voor dat ze goed,Kastanjes bewaren,1,https://www.natuurhout.be/kastanjes-bewaren/,max-image-preview:large,nl-NL,Kastanjes bewaren | Natuurhout,"Article,BreadcrumbList,ImageObject,ListItem,Organization,Person,WebPage,WebSite",1065,https://natuurhout.shop/
https://www.natuurhout.be/landelijke-afsluiting/,200,,Landelijke afsluitingen | Natuurhout,"Bij ons vindt u landelijke afsluitingen die uw tuin, erf of bedrijfsterrein op een duurzame en stijlvolle manier kunnen afbakenen. Bekijk ons aanbod!",Landelijke afsluitingen,1,https://www.natuurhout.be/landelijke-afsluiting/,max-image-preview:large,nl-NL,Landelijke afsluitingen | Natuurhout,"BreadcrumbList,ImageObject,ListItem,Organization,WebPage,WebSite",1097,https://natuurhout.shop/
https://www.natuurhout.be/lariks-schaaldelen-kopen-vlaanderen/,200,https://www.natuurhout.be//,Specialist in natuurhout | Natuurhout,Als specialist in natuurhout bieden wij tuinproducten aan in verschillende kwaliteitsvolle houtsoorten. Bekijk ons assortiment en vraag uw offerte aan!,Specialist in Kastanjehout,1,https://www.natuurhout.be/,max-image-preview:large,nl-NL,Specialist in natuurhout | Natuurhout,"BreadcrumbList,ImageObject,ListItem,Organization,WebPage,WebSite",742,https://natuurhout.shop/
https://www.natuurhout.be/logout/,200,,Logout | Natuurhout,,,0,https://www.natuurhout.be/logout/,max-image-preview:large,nl-NL,Logout | Natuurhout,"BreadcrumbList,ImageObject,ListItem,Organization,WebPage,WebSite",460,https://natuurhout.shop/
https://www.natuurhout.be/lost-password/,200,,Lost Password | Natuurhout,[woocommerce_lost_password],,0,https://www.natuurhout.be/lost-password/,max-image-preview:large,nl-NL,Lost Password | Natuurhout,"BreadcrumbList,ImageObject,ListItem,Organization,WebPage,WebSite",461,https://natuurhout.shop/
https://www.natuurhout.be/maatwerk-poorten-geplaatst/,200,,Maatwerk Poorten | | Kastanjehout | Tuinpoort,"Kastanjehouten maatwerk poorten zijn mooi, natuurlijk en veilig! | Ideaal als landelijke afsluiting",Maatwerk Poorten Geplaatst,1,https://www.natuurhout.be/maatwerk-poorten-geplaatst/,max-image-preview:large,nl-NL,Maatwerk Poorten | | Kastanjehout | Tuinpoort,"Article,BreadcrumbList,ImageObject,ListItem,Organization,Person,WebPage,WebSite",663,https://natuurhout.shop/
https://www.natuurhout.be/moestuinbak-kopen-vlaanderen/,200,https://www.natuurhout.be/project/moestuinbak//,Moestuinbak uit hazelaar | Natuurhout,Kies voor een moestuinbak uit hazelaar als u uw tuin een mooie extra landelijke touch wilt geven. Vraag een offerte aan voor dit type bloembak.,Moestuinbak uit hazelaar,1,https://www.natuurhout.be/project/moestuinbak/,max-image-preview:large,nl-NL,Moestuinbak uit hazelaar | Natuurhout,"BreadcrumbList,ImageObject,ListItem,Organization,Person,WebPage,WebSite",927,https://natuurhout.shop/
https://www.natuurhout.be/natuurhout-video/,200,,Kastanjehout | Video | Assortiment | Natuurhout,Natuurhout video over de kastanjehouten producten van uit ons assortiment,Natuurhout video,1,https://www.natuurhout.be/natuurhout-video/,max-image-preview:large,nl-NL,Kastanjehout | Video | Assortiment | Natuurhout,"Article,BreadcrumbList,ImageObject,ListItem,Organization,Person,WebPage,WebSite",579,https://natuurhout.shop/
https://www.natuurhout.be/natuurhoutadvies/,200,,(Natuur)Houtadvies | Natuurhout,,,0,https://www.natuurhout.be/natuurhoutadvies/,max-image-preview:large,nl-NL,(Natuur)Houtadvies | Natuurhout,"BreadcrumbList,ImageObject,ListItem,Organization,WebPage,WebSite",661,https://natuurhout.shop/
https://www.natuurhout.be/nieuw-postrail/,200,,Kastanje Post&Rail | Tuinafsluiting | Natuurhout | Duurzaam,Stevig en duurzaam hout | 3 gats Post&Rail uit kastanjehout | Tuinafsluiting,Nieuw Post&Rail Kastanjehout,1,https://www.natuurhout.be/nieuw-postrail/,max-image-preview:large,nl-NL,Kastanje Post&Rail | Tuinafsluiting | Natuurhout | Duurzaam,"Article,BreadcrumbList,ImageObject,ListItem,Organization,Person,WebPage,WebSite",558,https://natuurhout.shop/
https://www.natuurhout.be/nieuwe-sponsor-van-hockey-club-lokeren/,200,,Nieuwe sponsor van Hockey Club Lokeren | Natuurhout,Natuurhout is nieuwe sponsor geworden van Hockey Club Lokeren | Natuurhout Zele | Houthandel Kastanje,Nieuwe sponsor van Hockey Club Lokeren,1,https://www.natuurhout.be/nieuwe-sponsor-van-hockey-club-lokeren/,max-image-preview:large,nl-NL,Nieuwe sponsor van Hockey Club Lokeren | Natuurhout,"Article,BreadcrumbList,ImageObject,ListItem,Organization,Person,WebPage,WebSite",610,https://natuurhout.shop/
https://www.natuurhout.be/offerte-aanvragen/,200,,Offerte aanvragen | Kastanje Afsluiting | Natuurhout,Natuurhout - Kastanjehout - Adolf Van Der Moerenstraat 39 - 9240 Zele - GSM +32473740926,,0,https://www.natuurhout.be/offerte-aanvragen/,max-image-preview:large,nl-NL,Offerte aanvragen | Kastanje Afsluiting | Natuurhout,"BreadcrumbList,ImageObject,ListItem,Organization,WebPage,WebSite",853,https://natuurhout.shop/
https://www.natuurhout.be/onze-realisaties/,200,,Onze Realisaties | Projecten | Voorbeelden | Natuurhout,Natuurhout - Kastanjehout | Realisaties | Projecten | Verschillende voorbeelden van projecten die uitgevoerd zijn door Natuurhout,,0,https://www.natuurhout.be/onze-realisaties/,max-image-preview:large,nl-NL,Onze Realisaties | Projecten | Voorbeelden | Natuurhout,"BreadcrumbList,ImageObject,ListItem,Organization,WebPage,WebSite",628,https://natuurhout.shop/
https://www.natuurhout.be/over-ons/,200,,Over ons | Kastanjehout - Afsluitingen - Tuin | Natuurhout,"Over ons | Ons bedrijf met natuurlijke tuin afsluitingen van kastanjehout | Hekwerk, Poorten, Palen en meer | info@natuurhout.be - 0473740926",,0,https://www.natuurhout.be/over-ons/,max-image-preview:large,nl-NL,Over ons | Kastanjehout - Afsluitingen - Tuin | Natuurhout,"BreadcrumbList,ImageObject,ListItem,Organization,WebPage,WebSite",786,https://natuurhout.shop/
https://www.natuurhout.be/plantenbakken-kopen/,200,https://www.natuurhout.be/project/moestuinbak//,Moestuinbak uit hazelaar | Natuurhout,Kies voor een moestuinbak uit hazelaar als u uw tuin een mooie extra landelijke touch wilt geven. Vraag een offerte aan voor dit type bloembak.,Moestuinbak uit hazelaar,1,https://www.natuurhout.be/project/moestuinbak/,max-image-preview:large,nl-NL,Moestuinbak uit hazelaar | Natuurhout,"BreadcrumbList,ImageObject,ListItem,Organization,Person,WebPage,WebSite",927,https://natuurhout.shop/
https://www.natuurhout.be/privacyverklaring/,200,,Privacyverklaring | Natuurhout,Privacyverklaring | Natuurhout,,0,https://www.natuurhout.be/privacyverklaring/,max-image-preview:large,nl-NL,Privacyverklaring | Natuurhout,"BreadcrumbList,ImageObject,ListItem,Organization,WebPage,WebSite",1374,https://natuurhout.shop/
https://www.natuurhout.be/producten/,200,,Kastanje Producten | Assortiment Hout | Hekwerk | Natuurhout,"Breed Assortiment Kastanjehout | Op zoek naar kastanje producten: houten (tuin)poorten, houten palen, tuinomheining of een ander product? | Hazelaar producten",,0,https://www.natuurhout.be/producten/,max-image-preview:large,nl-NL,Kastanje Producten | Assortiment Hout | Hekwerk | Natuurhout,"BreadcrumbList,ImageObject,ListItem,Organization,WebPage,WebSite",842,https://natuurhout.shop/
https://www.natuurhout.be/project/,200,,Projects | Natuurhout,,,0,https://www.natuurhout.be/project/,max-image-preview:large,nl-NL,Projects | Natuurhout,"BreadcrumbList,CollectionPage,ImageObject,ListItem,Organization,WebSite",847,https://natuurhout.shop/
https://www.natuurhout.be/project/boerenlandhekken/,200,,Boerenlandhekken | Natuurhout,"BOERENLANDHEKKEN - *MOMENTEEL UITVERKOCHT De boerenlandhekken zijn vervaardigde van eikenhouten schaaldelen. Omdat deze planken de minste bewerking hebben ondergaan, zijn de natuurlijke lijnen van de boom en de schors nog te herkennen. Dit geeft een robuust en natuurlijk ook een landelijk uiterlijk. De standaardhoogte is 1,20 meter. Bijzonderheden: - hoogte van de boerenhekken is ongeveer",,0,https://www.natuurhout.be/project/boerenlandhekken/,max-image-preview:large,nl-NL,Boerenlandhekken | Natuurhout,"BreadcrumbList,ImageObject,ListItem,Organization,Person,WebPage,WebSite",686,https://natuurhout.shop/
https://www.natuurhout.be/project/cleft-field-veldpoorten/,200,,Cleft & Field Veldpoorten - Kastanjehout | Natuurhout,Deze authentieke poorten zijn van duurzaam en sterk kastanjehout. Zijn ze iets ruwer en hebben nog een landelijker uitstraling dan de Engelse veldpoorten.,,0,https://www.natuurhout.be/project/cleft-field-veldpoorten/,max-image-preview:large,nl-NL,Cleft & Field Veldpoorten - Kastanjehout | Natuurhout,"BreadcrumbList,ImageObject,ListItem,Organization,Person,WebPage,WebSite",690,https://natuurhout.shop/
https://www.natuurhout.be/project/eiken-palen/,200,,Eiken palen kopen in Vlaanderen | Natuurhout,"Als u eiken palen gaat kopen, is het belangrijk om de juiste maat en toepassing te kiezen. Ga hiervoor met ons in gesprek om advies aan te vragen.",Eiken palen kopen in Vlaanderen,1,https://www.natuurhout.be/project/eiken-palen/,max-image-preview:large,nl-NL,Eiken palen kopen in Vlaanderen | Natuurhout,"BreadcrumbList,ImageObject,ListItem,Organization,Person,WebPage,WebSite",924,https://natuurhout.shop/
https://www.natuurhout.be/project/franse-poorten/,200,,Franse poorten kopen | Natuurhout,"Franse poorten kopen voor uw tuin of oprit, zorgen ervoor dat u een duurzame touch geeft aan uw omgeving. Vraag een offerte aan of plaats een bestelling!",Franse premium kastanje poorten,1,https://www.natuurhout.be/project/franse-poorten/,max-image-preview:large,nl-NL,Franse poorten kopen | Natuurhout,"BreadcrumbList,ImageObject,ListItem,Organization,Person,WebPage,WebSite",933,https://natuurhout.shop/
https://www.natuurhout.be/project/hazelaar-poorten/,200,,Tuinpoort uit hazelaar | Natuurhout,Kies voor de authentieke uitstraling van hazelaar voor uw tuinpoort. Dit hout is van een uitermate hoge kwaliteit. Plaats uw bestelling vandaag nog!,Tuinpoort uit hazelaar,1,https://www.natuurhout.be/project/hazelaar-poorten/,max-image-preview:large,nl-NL,Tuinpoort uit hazelaar | Natuurhout,"BreadcrumbList,ImageObject,ListItem,Organization,Person,WebPage,WebSite",841,https://natuurhout.shop/
https://www.natuurhout.be/project/hazelaar-vlechtscherm-hasseltre/,200,,Tuinschermen kopen bij houthandel in Vlaanderen | Natuurhout,"Heeft u interesse in vlechtschermen, die u wilt kopen voor uw grond in Vlaanderen? Ontdek dan hier ons aanbod en bekijk wat wij voor u kunnen betekenen. | Natuurhout",,0,https://www.natuurhout.be/project/hazelaar-vlechtscherm-hasseltre/,max-image-preview:large,nl-NL,Tuinschermen kopen bij houthandel in Vlaanderen | Natuurhout,"BreadcrumbList,ImageObject,ListItem,Organization,Person,WebPage,WebSite",864,https://natuurhout.shop/
https://www.natuurhout.be/project/hazelaarrasterwerk/,200,,Hazelaar Hekwerk | Tuin Omheining | Natuurhout,Een hazelaar omheining biedt een natuurlijke en warme uitstraling aan uw omgeving. Bekijk de verschillende soort hekwerk mogelijkheden en vraag uw offerte aan!,🌿 Hazelaar rasterwerk – Sierlijk vlechtwerk met een natuurlijk karakter,1,https://www.natuurhout.be/project/hazelaarrasterwerk/,max-image-preview:large,nl-NL,Hazelaar Hekwerk | Tuin Omheining | Natuurhout,"BreadcrumbList,ImageObject,ListItem,Organization,Person,WebPage,WebSite",857,https://natuurhout.shop/
https://www.natuurhout.be/project/hazelaarvlechtschermen/,200,,Gevlochten tuinscherm uit hazelaar | Natuurhout,Een gevlochten tuinscherm uit hazelaar wordt vervaardigd door hazelaartakken horizontaal te vlechten tussen stevige verticale palen. Kies voor dit scherm!,Gevlochten tuinscherm uit hazelaar,1,https://www.natuurhout.be/project/hazelaarvlechtschermen/,max-image-preview:large,nl-NL,Gevlochten tuinscherm uit hazelaar | Natuurhout,"BreadcrumbList,ImageObject,ListItem,Organization,Person,WebPage,WebSite",992,https://natuurhout.shop/
https://www.natuurhout.be/project/international-airport/,200,,Project Wingene – Kastanje Rasterwerk | Natuurhout,"Voor de Pony in de achtertuin is kastanje rasterwerk ook ideaal. Natuurlijk, duurzaam en stevig!",,0,https://www.natuurhout.be/project/international-airport/,max-image-preview:large,nl-NL,Project Wingene – Kastanje Rasterwerk | Natuurhout,"BreadcrumbList,ImageObject,ListItem,Organization,Person,WebPage,WebSite",498,https://natuurhout.shop/
https://www.natuurhout.be/project/kastanje-poorten-geschroefd/,200,,Kastanje Poorten Geschroefd | Natuurhout,Deze autentieke poorten hebben dezelfde stijl als het rasterwerk. Ze worden op ambachtelijke wijze gemaakt met pen- en gatverbinding.,,0,https://www.natuurhout.be/project/kastanje-poorten-geschroefd/,max-image-preview:large,nl-NL,Kastanje Poorten Geschroefd | Natuurhout,"BreadcrumbList,ImageObject,ListItem,Organization,Person,WebPage,WebSite",744,https://natuurhout.shop/
https://www.natuurhout.be/project/kastanjepalen/,200,,Palen van Kastanjehout | Natuurhout | Houten Palen,Wilt u duurzame kastanje palen kopen? Ontdek dan hier het assortiment palen van onze natuurhouthandel uit Zele. Neem contact op als u interesse heeft.,,0,https://www.natuurhout.be/project/kastanjepalen/,max-image-preview:large,nl-NL,Palen van Kastanjehout | Natuurhout | Houten Palen,"BreadcrumbList,ImageObject,ListItem,Organization,Person,WebPage,WebSite",1040,https://natuurhout.shop/
https://www.natuurhout.be/project/lariks-schaal-delen-2/,200,,Lariks Schaal Delen | Natuurhout,"Lariks schaal delen is een zeer duurzame houtsoort wat geen onderhoud nodig heeft. Lariks wordt veel gebruikt om schuttingen, plantenbakken, tuinhuisjes, etc. mee te maken.",,0,https://www.natuurhout.be/project/lariks-schaal-delen-2/,max-image-preview:large,nl-NL,Lariks Schaal Delen | Natuurhout,"BreadcrumbList,ImageObject,ListItem,Organization,Person,WebPage,WebSite",671,https://natuurhout.shop/
https://www.natuurhout.be/project/maatwerk-poorten/,200,,Franse Maatwerk Poorten | Kastanjehout | Natuurhout,Deze authentieke kastanje maatwerk poorten hebben dezelfde stijl als het rasterwerk. Ze worden op ambachtelijke wijze gemaakt met pen- en gat verbinding.,,0,https://www.natuurhout.be/project/maatwerk-poorten/,max-image-preview:large,nl-NL,Franse Maatwerk Poorten | Kastanjehout | Natuurhout,"BreadcrumbList,ImageObject,ListItem,Organization,Person,WebPage,WebSite",748,https://natuurhout.shop/
https://www.natuurhout.be/project/moestuinbak/,200,,Moestuinbak uit hazelaar | Natuurhout,Kies voor een moestuinbak uit hazelaar als u uw tuin een mooie extra landelijke touch wilt geven. Vraag een offerte aan voor dit type bloembak.,Moestuinbak uit hazelaar,1,https://www.natuurhout.be/project/moestuinbak/,max-image-preview:large,nl-NL,Moestuinbak uit hazelaar | Natuurhout,"BreadcrumbList,ImageObject,ListItem,Organization,Person,WebPage,WebSite",927,https://natuurhout.shop/
https://www.natuurhout.be/project/post-rail-2/,200,,Post & Rail | Natuurhout,Een authentieke en mooie manier om uw paard of kleinere dieren af te schermen en te beschermen is het Post&Rail systeem. Deze constructie/omheining wordt reeds honderden jaren toegepast en is bijzonder sterk en duurzaam. De post is de paal van kastanjehout en de rail is de ligger van kastanjehout die horizontaal bevestigd. Door het looizuur,,0,https://www.natuurhout.be/project/post-rail-2/,max-image-preview:large,nl-NL,Post & Rail | Natuurhout,"BreadcrumbList,ImageObject,ListItem,Organization,Person,WebPage,WebSite",734,https://natuurhout.shop/
https://www.natuurhout.be/project/postsaver-voor-palen/,200,,Postsaver uit kastanjehout | Natuurhout,Een postsaver uit kastanjehout beschermt uw palen tegel rotting en slijtage. Ervaar alle voordelen en zorg dat uw tuin volledig in orde blijft.,Postsaver uit kastanjehout,1,https://www.natuurhout.be/project/postsaver-voor-palen/,max-image-preview:large,nl-NL,Postsaver uit kastanjehout | Natuurhout,"BreadcrumbList,ImageObject,ListItem,Organization,Person,WebPage,WebSite",863,https://natuurhout.shop/
https://www.natuurhout.be/project/project-berlare-vlechtschermen-maatwerk-poort/,200,,Project Berlare – Vlechtschermen & Maatwerk Poort | Natuurhout,Plaatsing van kastanje vlechtschermen en een maatwerkpoort van 1.80m hoogte tussen een tuin en een druk wandelpad. Door het plaatsen van de velchtschermen heeft de klant een wat meer private tuin en kunnen de honden vrij rondlopen,,0,https://www.natuurhout.be/project/project-berlare-vlechtschermen-maatwerk-poort/,max-image-preview:large,nl-NL,Project Berlare – Vlechtschermen & Maatwerk Poort | Natuurhout,"BreadcrumbList,ImageObject,ListItem,Organization,Person,WebPage,WebSite",523,https://natuurhout.shop/
https://www.natuurhout.be/project/project-brugge/,200,,Kastanje Afsluiting | Vlechtschermen | Project | Natuurhout,Project Brugge | Tuin afsluiting met kastanjehout vlechtschermen | Natuurhout realisaties,,0,https://www.natuurhout.be/project/project-brugge/,max-image-preview:large,nl-NL,Kastanje Afsluiting | Vlechtschermen | Project | Natuurhout,"BreadcrumbList,ImageObject,ListItem,Organization,Person,WebPage,WebSite",515,https://natuurhout.shop/
https://www.natuurhout.be/project/project-dendermonde-padouk-poort/,200,,Project Dendermonde - Padouk Poort & Rasterwerk | Natuurhout,Mooie natuurlijk padouk poort die langzaam vergrijsd. Samen met rasterwerk van 1.20m is de voortuin volledig afgesloten en kan de hond vrij rondlopen,,0,https://www.natuurhout.be/project/project-dendermonde-padouk-poort/,max-image-preview:large,nl-NL,Project Dendermonde - Padouk Poort & Rasterwerk | Natuurhout,"BreadcrumbList,ImageObject,ListItem,Organization,Person,WebPage,WebSite",515,https://natuurhout.shop/
https://www.natuurhout.be/project/project-destelbergen/,200,,"Project Destelbergen – Veldpoort, Rasterwerk & Vlecht Schermen | Natuurhout",Deze klant wou op iets meer privacy maar toch het natuurlijke behouden in zijn achtertuin. Met de duurzame vlecht schermen van 1.80m paste dit perfect voor de klant en de buren. De ingang naar de tuin is afgezet met een Engelse poort en rasterwerk van ook 1.20m hoog.,,0,https://www.natuurhout.be/project/project-destelbergen/,max-image-preview:large,nl-NL,"Project Destelbergen – Veldpoort, Rasterwerk & Vlecht Schermen | Natuurhout","BreadcrumbList,ImageObject,ListItem,Organization,Person,WebPage,WebSite",531,https://natuurhout.shop/
https://www.natuurhout.be/project/project-grembergen-rasterwerk-90cm/,200,,"Project Grembergen – Rasterwerk 90cm (4,5/5cm) | Natuurhout",Plaatsing kastanje rasterwerk van 90cm hoogte - Project Grembergen | Oost-Vlaanderen |,,0,https://www.natuurhout.be/project/project-grembergen-rasterwerk-90cm/,max-image-preview:large,nl-NL,"Project Grembergen – Rasterwerk 90cm (4,5/5cm) | Natuurhout","BreadcrumbList,ImageObject,ListItem,Organization,Person,WebPage,WebSite",530,https://natuurhout.shop/
https://www.natuurhout.be/project/project-hamme3/,200,,Project Moerbeke – Maatwerk Poorten & Vlecht Schermen | Natuurhout,Een dubbele maatwerk poort en vlecht schermen voor het afsluiten van de oprit.,,0,https://www.natuurhout.be/project/project-hamme3/,max-image-preview:large,nl-NL,Project Moerbeke – Maatwerk Poorten & Vlecht Schermen | Natuurhout,"BreadcrumbList,ImageObject,ListItem,Organization,Person,WebPage,WebSite",496,https://natuurhout.shop/
https://www.natuurhout.be/project/project-hamme5/,200,,Project Lokeren – Post & Rail | Natuurhout,Een heide omheining van het natuurlijke Post & Rail,,0,https://www.natuurhout.be/project/project-hamme5/,max-image-preview:large,nl-NL,Project Lokeren – Post & Rail | Natuurhout,"BreadcrumbList,ImageObject,ListItem,Organization,Person,WebPage,WebSite",492,https://natuurhout.shop/
https://www.natuurhout.be/project/project-huivelde-rasterwerk-cleftfield-poort/,200,,Kastanje Rasterwerk & Cleft & Field Poort | Natuurhout,"Tuin afgezet met rasterwerk 1.20m hoog en latafstand 4,5/5cm. De Cleft & Field poort van 1.20m x 1.20m paste perfect over het padje van 1.20m.",,0,https://www.natuurhout.be/project/project-huivelde-rasterwerk-cleftfield-poort/,max-image-preview:large,nl-NL,Kastanje Rasterwerk & Cleft & Field Poort | Natuurhout,"BreadcrumbList,ImageObject,ListItem,Organization,Person,WebPage,WebSite",524,https://natuurhout.shop/
https://www.natuurhout.be/project/project-keerbergen-cleftfield-poort-3-60m/,200,,Project Keerbergen – Cleft&Field Poort 3.60m | Natuurhout,Voor de uitbreiding van de oprit/parking werd een Cleft & Field poort van 3.60m breed bevestigd aan stevige eiken palen van 15x15.,,0,https://www.natuurhout.be/project/project-keerbergen-cleftfield-poort-3-60m/,max-image-preview:large,nl-NL,Project Keerbergen – Cleft&Field Poort 3.60m | Natuurhout,"BreadcrumbList,ImageObject,ListItem,Organization,Person,WebPage,WebSite",508,https://natuurhout.shop/
https://www.natuurhout.be/project/project-lebbeke-cleft-field-poort/,200,,Project Lebbeke - Cleft & Field Poort | Natuurhout,Een dubbele Cleft & Field poort van 3.00m (elke vleugel 1.50m) bevestigd aan stevige eiken palen van 15x15.,,0,https://www.natuurhout.be/project/project-lebbeke-cleft-field-poort/,max-image-preview:large,nl-NL,Project Lebbeke - Cleft & Field Poort | Natuurhout,"BreadcrumbList,ImageObject,ListItem,Organization,Person,WebPage,WebSite",504,https://natuurhout.shop/
https://www.natuurhout.be/project/project-lebbeke/,200,,Project Lebbeke - Maatwerk Poorten | Kastanje | Natuurhout,De dubbele poort alsook de enkele poort zijn 1.80m hoog. De enkele poort hangt stevig aan de muur en komt precies over de breedte van het pad.,,0,https://www.natuurhout.be/project/project-lebbeke/,max-image-preview:large,nl-NL,Project Lebbeke - Maatwerk Poorten | Kastanje | Natuurhout,"BreadcrumbList,ImageObject,ListItem,Organization,Person,WebPage,WebSite",588,https://natuurhout.shop/
https://www.natuurhout.be/project/project-lochristi-rasterwerk-poort-1-20m/,200,,Project Lochristi - Rasterwerk & Poort 1.20m | Natuurhout,"Plaatsing van kastanjehouten afsluitingen van rasterwerk 1.20m - 4,5/5cm. Met een enkele en dubbele poort voor vlotte doorgang van bijvoorbeeld een aanhangwagen",,0,https://www.natuurhout.be/project/project-lochristi-rasterwerk-poort-1-20m/,max-image-preview:large,nl-NL,Project Lochristi - Rasterwerk & Poort 1.20m | Natuurhout,"BreadcrumbList,ImageObject,ListItem,Organization,Person,WebPage,WebSite",621,https://natuurhout.shop/
https://www.natuurhout.be/project/project-merelbeke-hazelaarschermen/,200,,Project Merelbeke – Hazelaarschermen | Natuurhout,Plaatsing van gevlochten hazelaar schermen in achtertuin zodat hond niet tussen de struiken kan ontsnappen. Hierbij werden de vlechtschermen van 1.80m hoog in twee delen gezaagd om zo toch nog wat zicht te hebben. De schermen zijn 1.80m breed en de kastanje palen (1.50m) worden hierbij tussen de schermen geplaatst. De uiteindes van de schermen,,0,https://www.natuurhout.be/project/project-merelbeke-hazelaarschermen/,max-image-preview:large,nl-NL,Project Merelbeke – Hazelaarschermen | Natuurhout,"BreadcrumbList,ImageObject,ListItem,Organization,Person,WebPage,WebSite",563,https://natuurhout.shop/
https://www.natuurhout.be/project/project-overmere-2/,200,,Project Overmere – Lariks Tuinafsluiting | Natuurhout,Schutting van lariks schaaldelen,,0,https://www.natuurhout.be/project/project-overmere-2/,max-image-preview:large,nl-NL,Project Overmere – Lariks Tuinafsluiting | Natuurhout,"BreadcrumbList,ImageObject,ListItem,Organization,Person,WebPage,WebSite",487,https://natuurhout.shop/
https://www.natuurhout.be/project/project-overmere/,200,,Project Overmere – Lariks Tuinafsluiting | Natuurhout,Tuinafsluiting van Lariks schaaldelen. De palen bevestigd op de bestaande bekaert palen. Daarop de Lariks delen van 3 meter en 4 meter geplaatst en uiteindelijk een mooi resultaat van een Lariks tuinafsluiting.,,0,https://www.natuurhout.be/project/project-overmere/,max-image-preview:large,nl-NL,Project Overmere – Lariks Tuinafsluiting | Natuurhout,"BreadcrumbList,ImageObject,ListItem,Organization,Person,WebPage,WebSite",515,https://natuurhout.shop/
https://www.natuurhout.be/project/project-ronse-hondenweide/,200,,Project Ronse – Hondenweide | Rasterwerk 120cm | Natuurhout,"Plaatsing van rasterwerk 1.20m hoogte met een latafstand van 4,5/5cm. Deze omheining zal worden gebruikt om een natuurlijke hondenweide te hebben in de Stadstuinen van Ronse. Op 2 plaatsen een dubbele poort van 2 vleugels van 1.20m hoog x 1.05m breed. Hiervan is één een looppoort en de anders staat vast met de grondgrendel en Kastanje rasterwerk 120cm met dubbele poorten voor een mooie natuurlijke hondenweide in de stadstuinen van Ronse| Kastanjehouten Tuinafsluitingen",,0,https://www.natuurhout.be/project/project-ronse-hondenweide/,max-image-preview:large,nl-NL,Project Ronse – Hondenweide | Rasterwerk 120cm | Natuurhout,"BreadcrumbList,ImageObject,ListItem,Organization,Person,WebPage,WebSite",643,https://natuurhout.shop/
https://www.natuurhout.be/project/project-sint-niklaas-maatwerk-poort-rasterwerk-1-80m/,200,,Project Sint-Niklaas – Maatwerk Poort & Rasterwerk 1.80m | Natuurhout,Project Sint-Niklaas – Maatwerk Poort & Rasterwerk 1.80m | Project Sint-Niklaas - Maatwerk Poort & Rasterwerk 1.80m,,0,https://www.natuurhout.be/project/project-sint-niklaas-maatwerk-poort-rasterwerk-1-80m/,max-image-preview:large,nl-NL,Project Sint-Niklaas – Maatwerk Poort & Rasterwerk 1.80m | Natuurhout,"BreadcrumbList,ImageObject,ListItem,Organization,Person,WebPage,WebSite",577,https://natuurhout.shop/
https://www.natuurhout.be/project/project-sintgilleswaas-postrail/,200,,Project Sint-Gillis-Waas – Post&Rail | Afscheiding voor hond | Natuurhout,Kastanje Post & Rail afsluiting | Landelijke tuinafsluiting | Afscheiding voor honden |,,0,https://www.natuurhout.be/project/project-sintgilleswaas-postrail/,max-image-preview:large,nl-NL,Project Sint-Gillis-Waas – Post&Rail | Afscheiding voor hond | Natuurhout,"BreadcrumbList,ImageObject,ListItem,Organization,Person,WebPage,WebSite",559,https://natuurhout.shop/
https://www.natuurhout.be/project/project-waasmunster-cleft-field-poorten-1-50m-2x-2-40m/,200,,Project Waasmunster - Cleft & Field Poorten uit Kastanjehout,#post_excerptKastanjehouten Cleft & Field Poorten,,0,https://www.natuurhout.be/project/project-waasmunster-cleft-field-poorten-1-50m-2x-2-40m/,max-image-preview:large,nl-NL,Project Waasmunster - Cleft & Field Poorten uit Kastanjehout,"BreadcrumbList,ImageObject,ListItem,Organization,Person,WebPage,WebSite",584,https://natuurhout.shop/
https://www.natuurhout.be/project/project-zele-rasterwerk-1-00m-75-8cm/,200,,"Project Zele – Rasterwerk 1.00m (7,5/8cm) | Natuurhout","Hier werd het rasterwerk van 1.00m hoogte en met latafstand van 7,5/8cm geplaatst op een betonnen plat van een bestaande afsluiting. De betonnen palen werden afgezaagd zodat het rasterwerk op de plaat kon staan, de kastanje palen zijn erachter geplaatst.",,0,https://www.natuurhout.be/project/project-zele-rasterwerk-1-00m-75-8cm/,max-image-preview:large,nl-NL,"Project Zele – Rasterwerk 1.00m (7,5/8cm) | Natuurhout","BreadcrumbList,ImageObject,ListItem,Organization,Person,WebPage,WebSite",526,https://natuurhout.shop/
https://www.natuurhout.be/project/project-zele/,200,,Project Afsluiting Zele | Natuurhout,"Nieuwe afrastering van kastanjehout. 1.50m hoogte met latafstand 4/5cm. Ideaal voor tuin, moestuin, zwembad, kippen, dieren of iets anders. Gaat jaren mee!",,0,https://www.natuurhout.be/project/project-zele/,max-image-preview:large,nl-NL,Project Afsluiting Zele | Natuurhout,"BreadcrumbList,ImageObject,ListItem,Organization,Person,WebPage,WebSite",526,https://natuurhout.shop/
https://www.natuurhout.be/project/project-zulte/,200,,Project Kastanje Afsluiting Zulte | Natuurhout,"Kastanjehouten Afsluiting voor de bufferbekken van de Supermarkt Okay in Zulte. Rasterwerk van 1.20m hoogte, bevestigd op kastanje palen van 1.60m.",,0,https://www.natuurhout.be/project/project-zulte/,max-image-preview:large,nl-NL,Project Kastanje Afsluiting Zulte | Natuurhout,"BreadcrumbList,ImageObject,ListItem,Organization,Person,WebPage,WebSite",502,https://natuurhout.shop/
https://www.natuurhout.be/project/raamwerkpoort/,200,,Kaderpoort Kastanje | Natuurhout,"Deze autentieke poorten hebben dezelfde stijl als het rasterhekwerk alleen zonder de latten. U kunt deze aanbrengen, of een deel van de rollen met de staaldraad verbinding. Ze worden op ambachtelijke wijze gemaakt met pen- en gatverbinding. De poorten worden compleet met degelijk hang- en sluitwerk en plantpalen geleverd. Andere maten en modellen zijn op aanvraag",,0,https://www.natuurhout.be/project/raamwerkpoort/,max-image-preview:large,nl-NL,Kaderpoort Kastanje | Natuurhout,"BreadcrumbList,ImageObject,ListItem,Organization,Person,WebPage,WebSite",746,https://natuurhout.shop/
https://www.natuurhout.be/project/rasterwerk-kastanjehout/,200,,Kastanjehouten afsluitingen | Natuurhout,Kies voor een kastanjehouten afsluiting om uw terrein te omheinen. Deze houtsoort is duurzaam en bestand tegen schimmels en houtrot. Vraag uw offerte aan!,,0,https://www.natuurhout.be/project/rasterwerk-kastanjehout/,max-image-preview:large,nl-NL,Kastanjehouten afsluitingen | Natuurhout,"BreadcrumbList,ImageObject,ListItem,Organization,Person,WebPage,WebSite",1231,https://natuurhout.shop/;https://natuurhout.shop/products/kastanje-rasterwerk
https://www.natuurhout.be/project/rasterwerk120cm-moerkerke/,200,,Project Moerkerke – Rasterwerk 1.20m & poorten | Natuurhout,Plaatsing Frans Kastanje Rasterwerk 1.20m & poorten van 1.00m en 1.20m breed | Project Moerkerke - Rasterwerk 1.20m & poorten,,0,https://www.natuurhout.be/project/rasterwerk120cm-moerkerke/,max-image-preview:large,nl-NL,Project Moerkerke – Rasterwerk 1.20m & poorten | Natuurhout,"BreadcrumbList,ImageObject,ListItem,Organization,Person,WebPage,WebSite",559,https://natuurhout.shop/
https://www.natuurhout.be/project/robinia-palen/,200,,Robinia Palen | Natuurhout,"Palen van robinia zijn leverbaar in verschillende lengtes en diameters. Ze worden gebruikt voor het plaatsen van rasterwerk, schapendraad of andere projecten",,0,https://www.natuurhout.be/project/robinia-palen/,max-image-preview:large,nl-NL,Robinia Palen | Natuurhout,"BreadcrumbList,ImageObject,ListItem,Organization,Person,WebPage,WebSite",809,https://natuurhout.shop/
https://www.natuurhout.be/project/robinia-rasterwerk/,200,,Robinia rasterwerk voor uw tuin in Vlaanderen,"Met robinia rasterwerk kiest u voor een duurzame, mooie oplossing voor uw tuin in Vlaanderen. Contacteer ons gerust voor een offerte op maat.",,0,https://www.natuurhout.be/project/robinia-rasterwerk/,max-image-preview:large,nl-NL,Robinia rasterwerk voor uw tuin in Vlaanderen,"BreadcrumbList,ImageObject,ListItem,Organization,Person,WebPage,WebSite",860,https://natuurhout.shop/
https://www.natuurhout.be/project_category/all/,200,,All | Natuurhout,,,0,https://www.natuurhout.be/project_category/all/,max-image-preview:large,nl-NL,,"BreadcrumbList,CollectionPage,ImageObject,ListItem,Organization,WebSite",598,https://natuurhout.shop/
https://www.natuurhout.be/project_category/engels-poorten/,200,,Engels Poorten | Natuurhout,,,0,https://www.natuurhout.be/project_category/engels-poorten/,max-image-preview:large,nl-NL,,"BreadcrumbList,CollectionPage,ImageObject,ListItem,Organization,WebSite",529,https://natuurhout.shop/
https://www.natuurhout.be/project_category/hazelaar-plantenbakken/,200,,Hazelaar Plantenbakken | Natuurhout,,,0,https://www.natuurhout.be/project_category/hazelaar-plantenbakken/,max-image-preview:large,nl-NL,,"BreadcrumbList,CollectionPage,ImageObject,ListItem,Organization,WebSite",524,https://natuurhout.shop/
https://www.natuurhout.be/project_category/hazelaar-rasterwerk/,200,,Hazelaar Rasterwerk | Natuurhout,,,0,https://www.natuurhout.be/project_category/hazelaar-rasterwerk/,max-image-preview:large,nl-NL,,"BreadcrumbList,CollectionPage,ImageObject,ListItem,Organization,WebSite",523,https://natuurhout.shop/
https://www.natuurhout.be/project_category/lariks-schaal-delen/,200,,Lariks Schaal delen | Natuurhout,,,0,https://www.natuurhout.be/project_category/lariks-schaal-delen/,max-image-preview:large,nl-NL,,"BreadcrumbList,CollectionPage,ImageObject,ListItem,Organization,WebSite",532,https://natuurhout.shop/
https://www.natuurhout.be/project_category/palen/,200,,Palen | Natuurhout,,,0,https://www.natuurhout.be/project_category/palen/,max-image-preview:large,nl-NL,,"BreadcrumbList,CollectionPage,ImageObject,ListItem,Organization,WebSite",524,https://natuurhout.shop/
https://www.natuurhout.be/project_category/post-rail/,200,,Post & Rail | Natuurhout,,,0,https://www.natuurhout.be/project_category/post-rail/,max-image-preview:large,nl-NL,,"BreadcrumbList,CollectionPage,ImageObject,ListItem,Organization,WebSite",527,https://natuurhout.shop/
https://www.natuurhout.be/project_category/producten/,200,,Producten | Natuurhout,,,0,https://www.natuurhout.be/project_category/producten/,max-image-preview:large,nl-NL,,"BreadcrumbList,CollectionPage,ImageObject,ListItem,Organization,WebSite",565,https://natuurhout.shop/
https://www.natuurhout.be/project_category/projecten-hazelaar/,200,,Projecten Hazelaar | Natuurhout,,,0,https://www.natuurhout.be/project_category/projecten-hazelaar/,max-image-preview:large,nl-NL,,"BreadcrumbList,CollectionPage,ImageObject,ListItem,Organization,WebSite",525,https://natuurhout.shop/
https://www.natuurhout.be/project_category/projecten-lariks-schaal-delen/,200,,Projecten Lariks Schaal delen | Natuurhout,,,0,https://www.natuurhout.be/project_category/projecten-lariks-schaal-delen/,max-image-preview:large,nl-NL,,"BreadcrumbList,CollectionPage,ImageObject,ListItem,Organization,WebSite",532,https://natuurhout.shop/
https://www.natuurhout.be/project_category/projecten-poorten/,200,,Projecten Poorten | Natuurhout,,,0,https://www.natuurhout.be/project_category/projecten-poorten/,max-image-preview:large,nl-NL,,"BreadcrumbList,CollectionPage,ImageObject,ListItem,Organization,WebSite",604,https://natuurhout.shop/
https://www.natuurhout.be/project_category/projecten-post-rail/,200,,Projecten Post & Rail | Natuurhout,,,0,https://www.natuurhout.be/project_category/projecten-post-rail/,max-image-preview:large,nl-NL,,"BreadcrumbList,CollectionPage,ImageObject,ListItem,Organization,WebSite",532,https://natuurhout.shop/
https://www.natuurhout.be/project_category/projecten-rasterhekwerk/,200,,Projecten Rasterhekwerk | Natuurhout,,,0,https://www.natuurhout.be/project_category/projecten-rasterhekwerk/,max-image-preview:large,nl-NL,,"BreadcrumbList,CollectionPage,ImageObject,ListItem,Organization,WebSite",567,https://natuurhout.shop/
https://www.natuurhout.be/project_category/projecten-rasterwerk/,200,,Projecten Rasterwerk | Natuurhout,,,0,https://www.natuurhout.be/project_category/projecten-rasterwerk/,max-image-preview:large,nl-NL,,"BreadcrumbList,CollectionPage,ImageObject,ListItem,Organization,WebSite",585,https://natuurhout.shop/
https://www.natuurhout.be/project_category/projecten-vlechtschermen/,200,,Projecten Vlechtschermen | Natuurhout,,,0,https://www.natuurhout.be/project_category/projecten-vlechtschermen/,max-image-preview:large,nl-NL,,"BreadcrumbList,CollectionPage,ImageObject,ListItem,Organization,WebSite",544,https://natuurhout.shop/
https://www.natuurhout.be/project_category/robinia-rasterwerk/,200,,Robinia Rasterwerk | Natuurhout,,,0,https://www.natuurhout.be/project_category/robinia-rasterwerk/,max-image-preview:large,nl-NL,,"BreadcrumbList,CollectionPage,ImageObject,ListItem,Organization,WebSite",523,https://natuurhout.shop/
https://www.natuurhout.be/project_category/vlechtschermen/,200,,Vlechtschermen | Natuurhout,,,0,https://www.natuurhout.be/project_category/vlechtschermen/,max-image-preview:large,nl-NL,,"BreadcrumbList,CollectionPage,ImageObject,ListItem,Organization,WebSite",536,https://natuurhout.shop/
https://www.natuurhout.be/projecten/,200,,Projecten | Natuurhout,,,0,https://www.natuurhout.be/projecten/,max-image-preview:large,nl-NL,Projecten | Natuurhout,"BreadcrumbList,ImageObject,ListItem,Organization,WebPage,WebSite",508,https://natuurhout.shop/
https://www.natuurhout.be/sponsorkalken/,200,,HO Kalken U7 - Natuurhout Sponsor | Kastanjehout,Nieuwe kleding U7 HO Kalken met de beste sponsor! | Natuurhout | Kastanjehout | A. Van Der Moerenstraat 39 - 9240 Zele,Nieuwe kleding U7 met de beste sponsor!,1,https://www.natuurhout.be/sponsorkalken/,max-image-preview:large,nl-NL,HO Kalken U7 - Natuurhout Sponsor | Kastanjehout,"Article,BreadcrumbList,ImageObject,ListItem,Organization,Person,WebPage,WebSite",624,https://natuurhout.shop/
https://www.natuurhout.be/tag/blog/,200,,Blog | Natuurhout,,,0,https://www.natuurhout.be/tag/blog/,max-image-preview:large,nl-NL,,"BreadcrumbList,CollectionPage,ImageObject,ListItem,Organization,WebSite",690,https://natuurhout.shop/
https://www.natuurhout.be/tag/kastanjehout/,200,,kastanjehout | Natuurhout,,,0,https://www.natuurhout.be/tag/kastanjehout/,max-image-preview:large,nl-NL,,"BreadcrumbList,CollectionPage,ImageObject,ListItem,Organization,WebSite",551,https://natuurhout.shop/
https://www.natuurhout.be/tag/life-style/,200,,Life Style | Natuurhout,,,0,https://www.natuurhout.be/tag/life-style/,max-image-preview:large,nl-NL,,"BreadcrumbList,CollectionPage,ImageObject,ListItem,Organization,WebSite",600,https://natuurhout.shop/
https://www.natuurhout.be/tag/news/,200,,News | Natuurhout,,,0,https://www.natuurhout.be/tag/news/,max-image-preview:large,nl-NL,,"BreadcrumbList,CollectionPage,ImageObject,ListItem,Organization,WebSite",582,https://natuurhout.shop/
https://www.natuurhout.be/tag/poorten/,200,,Poorten | Natuurhout,,,0,https://www.natuurhout.be/tag/poorten/,max-image-preview:large,nl-NL,,"BreadcrumbList,CollectionPage,ImageObject,ListItem,Organization,WebSite",551,https://natuurhout.shop/
https://www.natuurhout.be/tag/sponsor/,200,,sponsor | Natuurhout,,,0,https://www.natuurhout.be/tag/sponsor/,max-image-preview:large,nl-NL,,"BreadcrumbList,CollectionPage,ImageObject,ListItem,Organization,WebSite",548,https://natuurhout.shop/
https://www.natuurhout.be/tag/video/,200,,Video | Natuurhout,,,0,https://www.natuurhout.be/tag/video/,max-image-preview:large,nl-NL,,"BreadcrumbList,CollectionPage,ImageObject,ListItem,Organization,WebSite",526,https://natuurhout.shop/
https://www.natuurhout.be/tag/youtube/,200,,youtube | Natuurhout,,,0,https://www.natuurhout.be/tag/youtube/,max-image-preview:large,nl-NL,,"BreadcrumbList,CollectionPage,ImageObject,ListItem,Organization,WebSite",526,https://natuurhout.shop/
https://www.natuurhout.be/tamme-kastanje/,200,,De tamme kastanje | Natuurhout | Kastanjehout,"Tamme kastanje (Castanea sativa) | Oorsprong, naam, kenmerken, soorten, gebruik van hout en kastanjes | Kastanjehout",De tamme kastanje,1,https://www.natuurhout.be/tamme-kastanje/,max-image-preview:large,nl-NL,De tamme kastanje | Natuurhout | Kastanjehout,"Article,BreadcrumbList,ImageObject,ListItem,Organization,Person,WebPage,WebSite",1534,https://natuurhout.shop/
https://www.natuurhout.be/tips-duurzaam-houtgebruik-in-tuin/,200,,Duurzaam houtgebruik in de tuin | Natuurhout,"Koop bij voorkeur een duurzame Europese houtsoort voor tuinhout dat langer dan tien jaar moet staan: kastanje, eiken, lariks | Duurzaam houtgebruik in de tuin",Duurzaam houtgebruik in de tuin,1,https://www.natuurhout.be/tips-duurzaam-houtgebruik-in-tuin/,max-image-preview:large,nl-NL,Duurzaam houtgebruik in de tuin | Natuurhout,"Article,BreadcrumbList,ImageObject,ListItem,Organization,Person,WebPage,WebSite",1115,https://natuurhout.shop/
https://www.natuurhout.be/tipsenideeen/,200,,Tips & Ideeën | Kastanjehout | Natuurhout,Natuurhout - Kastanjehout - Adolf Van Der Moerenstraat 39 - 9240 Zele - TEL: 052 558858 - GSM: 04 73740926 - info@natuurhout.be,,0,https://www.natuurhout.be/tipsenideeen/,max-image-preview:large,nl-NL,Tips & Ideeën | Kastanjehout | Natuurhout,"BreadcrumbList,ImageObject,ListItem,Organization,WebPage,WebSite",993,https://natuurhout.shop/
https://www.natuurhout.be/veelgesteldevragen/,200,,Veelgestelde Vragen - FAQ | Natuurhout | Natuurhout,Veelgestelde Vragen - FAQ over de producten en voorwaarde van Natuurhout,,0,https://www.natuurhout.be/veelgesteldevragen/,max-image-preview:large,nl-NL,Veelgestelde Vragen - FAQ | Natuurhout | Natuurhout,"BreadcrumbList,ImageObject,ListItem,Organization,WebPage,WebSite",770,https://natuurhout.shop/
https://www.natuurhout.be/verzoek-toegang-tot-data/,200,,Verzoek toegang tot data | Natuurhout,"Verzoek toegang tot data Door gebruik te maken van het formulier op deze pagina kunt u ons laten zien wie u bent bij het verzoeken van het laten zien van uw data. U ontvangt dan een mail, waarmee u, vanaf het opgegeven e-mailadres 24 uur lang een pagina kan benaderen met daarop de gegevens die",,0,https://www.natuurhout.be/verzoek-toegang-tot-data/,max-image-preview:large,nl-NL,Verzoek toegang tot data | Natuurhout,"BreadcrumbList,ImageObject,ListItem,Organization,WebPage,WebSite",535,https://natuurhout.shop/
https://www.natuurhout.be/view-order/,200,,View Order | Natuurhout,[woocommerce_view_order],,0,https://www.natuurhout.be/view-order/,max-image-preview:large,nl-NL,View Order | Natuurhout,"BreadcrumbList,ImageObject,ListItem,Organization,WebPage,WebSite",461,https://natuurhout.shop/
https://www.natuurhout.be/vlecht-schermen/,200,,Vlecht schermen | Plaatsing | Natuurhout,Hand gevlochten vlecht schermen uit duurzaam kastanjehout.,Vlecht schermen,1,https://www.natuurhout.be/vlecht-schermen/,max-image-preview:large,nl-NL,Vlecht schermen | Plaatsing | Natuurhout,"Article,BreadcrumbList,ImageObject,ListItem,Organization,Person,WebPage,WebSite",556,https://natuurhout.shop/
https://www.natuurhout.be/voorbeeld-hangsluitwerk-franse-poorten/,200,,Hang- en Sluitwerk Franse Kastanje Poorten | Natuurhout,Voorbeelden van het plaatsen van het hang en sluitwerk van Franse kastanje houten poorten | Hang- en Sluitwerk Franse Kastanje Poorten,Voorbeeld Hang en Sluitwerk Franse Poorten |  | Voorbeelden:,3,https://www.natuurhout.be/voorbeeld-hangsluitwerk-franse-poorten/,max-image-preview:large,nl-NL,Hang- en Sluitwerk Franse Kastanje Poorten | Natuurhout,"Article,BreadcrumbList,ImageObject,ListItem,Organization,Person,WebPage,WebSite",615,https://natuurhout.shop/
https://www.natuurhout.be/waarom-is-kastanjehout-zo-ecologisch/,200,,WAAROM IS KASTANJEHOUT ZO ECOLOGISCH? | Natuurhout,"Net zoals sommige tropische houtsoorten, behoort kastanjehout tot duurzaamheidsklasse II | Duurzaam kastanjehout | KASTANJEHOUT IS ECOLOGISCH",WAAROM IS KASTANJEHOUT ZO ECOLOGISCH?,1,https://www.natuurhout.be/waarom-is-kastanjehout-zo-ecologisch/,max-image-preview:large,nl-NL,WAAROM IS KASTANJEHOUT ZO ECOLOGISCH? | Natuurhout,"Article,BreadcrumbList,ImageObject,ListItem,Organization,Person,WebPage,WebSite",1031,https://natuurhout.shop/
https://www.natuurhout.be/waarom-kastanjehout-de-perfecte-keuze-is-voor-jouw-omheining/,200,,Waarom kastanjehout de perfecte keuze is voor jouw omheining | Natuurhout,"Duurzame, natuurlijke en onderhoudsarme materialen voor je tuin? Kastanjehout is dé ideale oplossing voor omheiningen, tuinpoorten en afrasteringen.",Waarom kastanjehout de perfecte keuze is voor jouw omheining,1,https://www.natuurhout.be/waarom-kastanjehout-de-perfecte-keuze-is-voor-jouw-omheining/,max-image-preview:large,nl-NL,Waarom kastanjehout de perfecte keuze is voor jouw omheining | Natuurhout,"Article,BreadcrumbList,ImageObject,ListItem,Organization,Person,WebPage,WebSite",1092,https://natuurhout.shop/
https://www.natuurhout.be/wat-is-kastanjehout/,200,,Wat is Kastanjehout? | Natuurhout | Duurzaam in België,Kastanjehout staat bekend als een ecologisch alternatief voor geïmpregneerd hout en tropisch hardhout en wordt lokaal geproduceerd in Europa. Castanea sativa,Wat is Kastanjehout?,1,https://www.natuurhout.be/wat-is-kastanjehout/,max-image-preview:large,nl-NL,Wat is Kastanjehout? | Natuurhout | Duurzaam in België,"Article,BreadcrumbList,ImageObject,ListItem,Organization,Person,WebPage,WebSite",989,https://natuurhout.shop/
https://www.natuurhout.be/weer-een-tuin-gedaan-de-pony-kan-komenkleintje/,200,,"Weer een tuin gedaan, de pony kan komen | | Kastanjehout 🪵",Kastanjehouten tuin afsluiting voor een pony in de achtertuin! | Duurzame tuinafsluiting | Kastanjehouten tuinafsluiting met landelijke uitstraling |,"Weer een tuin gedaan, de pony kan komen!",1,https://www.natuurhout.be/weer-een-tuin-gedaan-de-pony-kan-komenkleintje/,max-image-preview:large,nl-NL,"Weer een tuin gedaan, de pony kan komen | | Kastanjehout 🪵","Article,BreadcrumbList,ImageObject,ListItem,Organization,Person,WebPage,WebSite",537,https://natuurhout.shop/
